source,contract_type
"ADMA BioManufacturing, LLC -  Amendment #3 to Manufacturing Agreement .txt",Manufacturing Agreement
ALLIANCEBANCORPINCOFPENNSYLVANIA_10_18_2006-EX-1.2-AGENCY AGREEMENT.txt,Agency Agreement
"BELLRINGBRANDS,INC_02_07_2020-EX-10.18-MASTER SUPPLY AGREEMENT.txt",Supply Agreement
AlliedEsportsEntertainmentInc_20190815_8-K_EX-10.19_11788293_EX-10.19_Content License Agreement.txt,License Agreement
ArconicRolledProductsCorp_20191217_10-12B_EX-2.7_11923804_EX-2.7_Trademark License Agreement.txt,License Agreement
AzulSa_20170303_F-1A_EX-10.3_9943903_EX-10.3_Maintenance Agreement1.txt,Maintenance Agreement
ATMOSENERGYCORP_11_22_2002-EX-10.17-TRANSPORTATION SERVICE AGREEMENT.txt,Transportation Agreement
AFSALABANCORPINC_08_01_1996-EX-1.1-AGENCY AGREEMENT.txt,Agency Agreement
ArcaUsTreasuryFund_20200207_N-2_EX-99.K5_11971930_EX-99.K5_Development Agreement.txt,Development Agreement
AlliedEsportsEntertainmentInc_20190815_8-K_EX-10.34_11788308_EX-10.34_Sponsorship Agreement.txt,Sponsorship Agreement
AimmuneTherapeuticsInc_20200205_8-K_EX-10.3_11967170_EX-10.3_Development Agreement.txt,License Agreement
AgapeAtpCorp_20191202_10-KA_EX-10.1_11911128_EX-10.1_Supply Agreement.txt,Supply Agreement
"ADUROBIOTECH,INC_06_02_2020-EX-10.7-CONSULTING AGREEMENT.txt",Consulting Agreement
"BERKELEYLIGHTS,INC_06_26_2020-EX-10.12-COLLABORATION AGREEMENT.txt",Collaboration Agreement
"ARMSTRONGFLOORING,INC_01_07_2019-EX-10.2-INTELLECTUAL PROPERTY AGREEMENT.txt",Intellectual Property Agreement
AULAMERICANUNITTRUST_04_24_2020-EX-99.8.77-SERVICING AGREEMENT.txt,Servicing Agreement
"Array BioPharma Inc. - LICENSE, DEVELOPMENT AND COMMERCIALIZATION AGREEMENT.txt",License Agreement
"ADUROBIOTECH,INC_06_02_2020-EX-10.7-CONSULTING AGREEMENT(1).txt",Consulting Agreement
ACCELERATEDTECHNOLOGIESHOLDINGCORP_04_24_2003-EX-10.13-JOINT VENTURE AGREEMENT.txt,Joint Venture Agreement
ASIANDRAGONGROUPINC_08_11_2005-EX-10.5-Reseller Agreement.txt,Reseller Agreement
"ASHWORTHINC_01_29_1999-EX-10.(D)-PROMOTION AGREEMENT AND NANTZ COMMUNICATIONS, INC..txt",Promotion Agreement
ANIXABIOSCIENCESINC_06_09_2020-EX-10.1-COLLABORATION AGREEMENT.txt,Collaboration Agreement
ASPIRITYHOLDINGSLLC_05_07_2012-EX-10.6-OUTSOURCING AGREEMENT.txt,Outsourcing Agreement
"ATHENSBANCSHARESCORP_11_02_2009-EX-1.2-AGENCY AGREEMENT , 2009.txt",Agency Agreement
"BELLICUMPHARMACEUTICALS,INC_05_07_2019-EX-10.1-Supply Agreement.txt",Supply Agreement
ACCURAYINC_09_01_2010-EX-10.31-DISTRIBUTOR AGREEMENT.txt,Distribution Agreement
"ADIANUTRITION,INC_04_01_2005-EX-10.D2-RESELLER AGREEMENT.txt",Reseller Agreement
ADAPTIMMUNETHERAPEUTICSPLC_04_06_2017-EX-10.11-STRATEGIC ALLIANCE AGREEMENT.txt,Strategic Alliance Agreement
AMERICASSHOPPINGMALLINC_12_10_1999-EX-10.2-SITE DEVELOPMENT AND HOSTING AGREEMENT.txt,Hosting Agreement
AIRSPANNETWORKSINC_04_11_2000-EX-10.5-Distributor Agreement.txt,Distribution Agreement
AtnInternationalInc_20191108_10-Q_EX-10.1_11878541_EX-10.1_Maintenance Agreement.txt,Maintenance Agreement
ArtaraTherapeuticsInc_20200110_8-K_EX-10.5_11943350_EX-10.5_License Agreement.txt,License Agreement
AMERICANPHYSICIANSCAPITALINC_03_31_2003-EX-10.26-AGENCY AGREEMENT.txt,Agency Agreement
ABILITYINC_06_15_2020-EX-4.25-SERVICES AGREEMENT.txt,Service Agreement
ArmstrongFlooringInc_20190107_8-K_EX-10.2_11471795_EX-10.2_Intellectual Property Agreement.txt,Intellectual Property Agreement
"BABCOCK_WILCOXENTERPRISES,INC_08_04_2015-EX-10.17-INTELLECTUAL PROPERTY AGREEMENT between THE BABCOCK _ WILCOX COMPANY and BABCOCK _ WILCOX ENTERPRISES, INC..txt",Intellectual Property Agreement
BANGIINC_05_25_2005-EX-10-Premium Managed Hosting Agreement.txt,Hosting Agreement
"Antares Pharma, Inc. - Manufacturing Agreement.txt",Manufacturing Agreement
AURASYSTEMSINC_06_16_2010-EX-10.25-STRATEGIC ALLIANCE AGREEMENT.txt,Strategic Alliance Agreement
AMBASSADOREYEWEARGROUPINC_11_17_1997-EX-10.28-ENDORSEMENT AGREEMENT.txt,Endorsement Agreement
Apollo Endosurgery - Manufacturing and Supply Agreement.txt,Manufacturing Agreement
ATENTOSA_07_06_2020-EX-99.1-JOINT FILING AGREEMENT.txt,Other
AzulSa_20170303_F-1A_EX-10.3_9943903_EX-10.3_Maintenance Agreement2.txt,Maintenance Agreement
2ThemartComInc_19990826_10-12G_EX-10.10_6700288_EX-10.10_Co-Branding Agreement_ Agency Agreement.txt,Marketing Agreement
ALLISONTRANSMISSIONHOLDINGSINC_12_15_2014-EX-99.1-COOPERATION AGREEMENT.txt,Cooperation Agreement
AIRTECHINTERNATIONALGROUPINC_05_08_2000-EX-10.4-FRANCHISE AGREEMENT.txt,Franchise Agreement
AudibleInc_20001113_10-Q_EX-10.32_2599586_EX-10.32_Co-Branding Agreement_ Marketing Agreement_ Investment Distribution Agreement.txt,Distribution Agreement
ArcGroupInc_20171211_8-K_EX-10.1_10976103_EX-10.1_Sponsorship Agreement.txt,Sponsorship Agreement
BANUESTRAFINANCIALCORP_09_08_2006-EX-10.16-AGENCY AGREEMENT.txt,Agency Agreement
ADAMSGOLFINC_03_21_2005-EX-10.17-ENDORSEMENT AGREEMENT.txt,Endorsement Agreement
ALCOSTORESINC_12_14_2005-EX-10.26-AGENCY AGREEMENT.txt,Agency Agreement
ALAMOGORDOFINANCIALCORP_12_16_1999-EX-1-AGENCY AGREEMENT.txt,Agency Agreement
EcoScienceSolutionsInc_20171117_8-K_EX-10.1_10956472_EX-10.1_Endorsement Agreement.txt,Endorsement Agreement
"CERES,INC_01_25_2012-EX-10.20-Collaboration Agreement.txt",Collaboration Agreement
BOLIVARMININGCORP_05_23_2003-EX-2.1-VISP WEB SITE BUILDING AND HOSTING AGREEMENT.txt,Hosting Agreement
EbixInc_20010515_10-Q_EX-10.3_4049767_EX-10.3_Co-Branding Agreement.txt,Marketing Agreement
"CORALGOLDRESOURCES,LTD_05_28_2020-EX-4.1-CONSULTING AGREEMENT.txt",Consulting Agreement
CnsPharmaceuticalsInc_20200326_8-K_EX-10.1_12079626_EX-10.1_Development Agreement.txt,Development Agreement
CardlyticsInc_20180112_S-1_EX-10.16_11002987_EX-10.16_Maintenance Agreement2.txt,License Agreement
BIOAMBERINC_04_10_2013-EX-10.34-DEVELOPMENT AGREEMENT (1).txt,Development Agreement
EmbarkComInc_19991008_S-1A_EX-10.10_6487661_EX-10.10_Co-Branding Agreement.txt,Sponsorship Agreement
ENTERTAINMENTGAMINGASIAINC_02_15_2005-EX-10.5-DISTRIBUTOR AGREEMENT.txt,Distribution Agreement
EdietsComInc_20001030_10QSB_EX-10.4_2606646_EX-10.4_Co-Branding Agreement.txt,Marketing Agreement
DRAGONSYSTEMSINC_01_08_1999-EX-10.17-OUTSOURCING AGREEMENT.txt,Outsourcing Agreement
"DRIVENDELIVERIES,INC_05_22_2020-EX-10.4-CONSULTING AGREEMENT.txt",Consulting Agreement
DYNTEKINC_07_30_1999-EX-10-ONLINE HOSTING AGREEMENT.txt,Hosting Agreement
ChinaRealEstateInformationCorp_20090929_F-1_EX-10.32_4771615_EX-10.32_Content License Agreement.txt,License Agreement
BICYCLETHERAPEUTICSPLC_03_10_2020-EX-10.11-SERVICE AGREEMENT.txt,Service Agreement
CHERRYHILLMORTGAGEINVESTMENTCORP_09_26_2013-EX-10.1-Strategic Alliance Agreement.txt,Strategic Alliance Agreement
CHINARECYCLINGENERGYCORP_11_14_2013-EX-10.6-Cooperation Agreement.txt,Cooperation Agreement
EmeraldHealthBioceuticalsInc_20200218_1-A_EX1A-6 MAT CTRCT_11987205_EX1A-6 MAT CTRCT_Development Agreement.txt,Consulting Agreement
CoherusBiosciencesInc_20200227_10-K_EX-10.29_12021376_EX-10.29_Development Agreement.txt,License Agreement
EmmisCommunicationsCorp_20191125_8-K_EX-10.6_11906433_EX-10.6_Marketing Agreement.txt,License Agreement
"BLUEROCKRESIDENTIALGROWTHREIT,INC_06_01_2016-EX-1.1-AGENCY AGREEMENT.txt",Agency Agreement
CORIOINC_07_20_2000-EX-10.5-LICENSE AND HOSTING AGREEMENT.txt,License Agreement
"DUOSTECHNOLOGIESGROUP,INC_04_21_2009-EX-10.1-STRATEGIC ALLIANCE AGREEMENT.txt",Strategic Alliance Agreement
CCAINDUSTRIESINC_04_14_2014-EX-10.1-OUTSOURCING AGREEMENT.txt,Outsourcing Agreement
ELANDIAINTERNATIONALINC_04_25_2007-EX-10.21-Outsourcing Agreement.txt,Outsourcing Agreement
ENERGOUSCORP_03_16_2017-EX-10.24-STRATEGIC ALLIANCE AGREEMENT.txt,Strategic Alliance Agreement
DataCallTechnologies_20060918_SB-2A_EX-10.9_944510_EX-10.9_Content License Agreement.txt,License Agreement
BIOPURECORP_06_30_1999-EX-10.13-AGENCY AGREEMENT.txt,Agency Agreement
BLACKROCKMUNIHOLDINGSINVESTMENTQUALITYFUND_04_07_2020-EX-99.01-JOINT FILING AGREEMENT.txt,Cooperation Agreement
BellringBrandsInc_20190920_S-1_EX-10.12_11817081_EX-10.12_Manufacturing Agreement4.txt,Manufacturing Agreement
BerkshireHillsBancorpInc_20120809_10-Q_EX-10.16_7708169_EX-10.16_Endorsement Agreement.txt,Endorsement Agreement
BizzingoInc_20120322_8-K_EX-10.17_7504499_EX-10.17_Endorsement Agreement.txt,Endorsement Agreement
ClickstreamCorp_20200330_1-A_EX1A-6 MAT CTRCT_12089935_EX1A-6 MAT CTRCT_Development Agreement.txt,Development Agreement
ENTRUSTINC_07_24_1998-EX-10.5-STRATEGIC ALLIANCE AGREEMENT.txt,Strategic Alliance Agreement
BLUEFLYINC_03_27_2002-EX-10.27-e-business Hosting Agreement.txt,Hosting Agreement
BIOAMBERINC_04_10_2013-EX-10.34-DEVELOPMENT AGREEMENT - First Amendment.txt,Development Agreement
BEYONDCOMCORP_08_03_2000-EX-10.2-CO-HOSTING AGREEMENT.txt,Hosting Agreement
"BORROWMONEYCOM,INC_06_11_2020-EX-10.1-JOINT VENTURE AGREEMENT.txt",Joint Venture Agreement
Cerus Corporation - FIRST AMEND TO SUPPLY AND MANUFACTURING AGREEMENT.txt,Manufacturing Agreement
ElPolloLocoHoldingsInc_20200306_10-K_EX-10.16_12041700_EX-10.16_Development Agreement.txt,Franchise Agreement
BIOCEPTINC_08_19_2013-EX-10-COLLABORATION AGREEMENT.txt,Collaboration Agreement
ENERGYXXILTD_05_08_2015-EX-10.13-Transportation AGREEMENT.txt,Transportation Agreement
DYNAMEXINC_06_06_1996-EX-10.4-TRANSPORTATION SERVICES AGREEMENT.txt,Transportation Agreement
EhaveInc_20190515_20-F_EX-4.44_11678816_EX-4.44_License Agreement_ Reseller Agreement.txt,License Agreement
CardlyticsInc_20180112_S-1_EX-10.16_11002987_EX-10.16_Maintenance Agreement1.txt,License Agreement
DeltathreeInc_19991102_S-1A_EX-10.19_6227850_EX-10.19_Co-Branding Agreement_ Service Agreement.txt,Marketing Agreement
DigitalCinemaDestinationsCorp_20111220_S-1_EX-10.10_7346719_EX-10.10_Affiliate Agreement.txt,Affiliate Agreement
CybergyHoldingsInc_20140520_10-Q_EX-10.27_8605784_EX-10.27_Affiliate Agreement.txt,Affiliate Agreement
"CANOPETROLEUM,INC_12_13_2007-EX-10.1-Sponsorship Agreement.txt",Sponsorship Agreement
EcoScienceSolutionsInc_20180406_8-K_EX-10.1_11135398_EX-10.1_Sponsorship Agreement.txt,Sponsorship Agreement
BUFFALOWILDWINGSINC_06_05_1998-EX-10.3-FRANCHISE AGREEMENT.txt,Franchise Agreement
CardlyticsInc_20180112_S-1_EX-10.16_11002987_EX-10.16_Maintenance Agreement3.txt,License Agreement
CreditcardscomInc_20070810_S-1_EX-10.33_362297_EX-10.33_Affiliate Agreement.txt,Affiliate Agreement
DIVERSINETCORP_03_01_2012-EX-4-RESELLER AGREEMENT.txt,Reseller Agreement
EUROPEANMICROHOLDINGSINC_03_06_1998-EX-10.6-DISTRIBUTOR AGREEMENT.txt,Distribution Agreement
CENTRACKINTERNATIONALINC_10_29_1999-EX-10.3-WEB SITE HOSTING AGREEMENT.txt,Hosting Agreement
BIOFRONTERAAG_04_29_2019-EX-4.17-SUPPLY AGREEMENT.txt,Supply Agreement
EtonPharmaceuticalsInc_20191114_10-Q_EX-10.1_11893941_EX-10.1_Development Agreement.txt,License Agreement
"Columbia Laboratories, (Bermuda) Ltd. - AMEND NO. 2 TO MANUFACTURING AND SUPPLY AGREEMENT.txt",Manufacturing Agreement
BellringBrandsInc_20190920_S-1_EX-10.12_11817081_EX-10.12_Manufacturing Agreement2.txt,Manufacturing Agreement
CcRealEstateIncomeFundadv_20181205_POS 8C_EX-99.(H)(3)_11447739_EX-99.(H)(3)_Marketing Agreement.txt,Marketing Agreement
BellringBrandsInc_20190920_S-1_EX-10.12_11817081_EX-10.12_Manufacturing Agreement1.txt,Manufacturing Agreement
CUROGROUPHOLDINGSCORP_05_04_2020-EX-10.3-SERVICING AGREEMENT.txt,Servicing Agreement
BellringBrandsInc_20190920_S-1_EX-10.12_11817081_EX-10.12_Manufacturing Agreement3.txt,Manufacturing Agreement
DOMINIADVISORTRUST_02_18_2005-EX-99.(H)(2)-SPONSORSHIP AGREEMENT.txt,Sponsorship Agreement
ELECTRAMECCANICA VEHICLES CORP. - Manufacturing Agreement.txt,Manufacturing Agreement
BloomEnergyCorp_20180321_DRSA (on S-1)_EX-10_11240356_EX-10_Maintenance Agreement.txt,Maintenance Agreement
CHANGEPOINTCORP_03_08_2000-EX-10.6-LICENSE AND HOSTING AGREEMENT.txt,License Agreement
CYBERIANOUTPOSTINC_07_09_1998-EX-10.13-PROMOTION AGREEMENT.txt,Promotion Agreement
ConformisInc_20191101_10-Q_EX-10.6_11861402_EX-10.6_Development Agreement.txt,Development Agreement
"ELFBEAUTY,INC_07_02_2020-EX-10.1-COOPERATION AGREEMENT.txt",Cooperation Agreement
CytodynInc_20200109_10-Q_EX-10.5_11941634_EX-10.5_License Agreement.txt,License Agreement
BLACKSTONEGSOLONG-SHORTCREDITINCOMEFUND_05_11_2020-EX-99.(K)(1)-SERVICE AGREEMENT.txt,Service Agreement
"ETELOS,INC_03_09_2004-EX-10.8-DISTRIBUTOR AGREEMENT.txt",Distribution Agreement
ENTERPRISEPRODUCTSPARTNERSLP_07_08_1998-EX-10.3-TRANSPORTATION CONTRACT.txt,Transportation Agreement
"CURAEGISTECHNOLOGIES,INC_05_26_2010-EX-1-CORPORATE SPONSORSHIP AGREEMENT.txt",Sponsorship Agreement
CerenceInc_20191002_8-K_EX-10.4_11827494_EX-10.4_Intellectual Property Agreement.txt,Intellectual Property Agreement
DRKOOPCOMINC_04_21_1999-EX-10.28-SPONSORSHIP AGREEMENT.txt,Sponsorship Agreement
BLACKBOXSTOCKSINC_08_05_2014-EX-10.1-DISTRIBUTOR AGREEMENT.txt,Distribution Agreement
BONTONSTORESINC_04_20_2018-EX-99.3-AGENCY AGREEMENT.txt,Agency Agreement
"CARDAX,INC_08_19_2014-EX-10.1-COLLABORATION AGREEMENT.txt",Collaboration Agreement
CHAPARRALRESOURCESINC_03_30_2000-EX-10.66-TRANSPORTATION CONTRACT.txt,Transportation Agreement
BravatekSolutionsInc_20170418_8-K_EX-10.1_10205739_EX-10.1_Reseller Agreement.txt,Reseller Agreement
DovaPharmaceuticalsInc_20181108_10-Q_EX-10.2_11414857_EX-10.2_Promotion Agreement.txt,Promotion Agreement
CardlyticsInc_20180112_S-1_EX-10.16_11002987_EX-10.16_Maintenance Agreement4.txt,License Agreement
EMERALDHEALTHTHERAPEUTICSINC_06_10_2020-EX-4.5-CONSULTING AGREEMENT - DR. GAETANO MORELLO N.D. INC..txt,Consulting Agreement
"BLUEHILLSBANCORP,INC_05_20_2014-EX-1.1-AGENCY AGREEMENT.txt",Agency Agreement
BNCMORTGAGEINC_05_17_1999-EX-10.4-LICENSING AND WEB SITE HOSTING AGREEMENT.txt,License Agreement
"COOLTECHNOLOGIES,INC_10_25_2017-EX-10.71-Strategic Alliance Agreement.txt",Strategic Alliance Agreement
EuromediaHoldingsCorp_20070215_10SB12G_EX-10.B(01)_525118_EX-10.B(01)_Content License Agreement.txt,License Agreement
BNLFINANCIALCORP_03_30_2007-EX-10.8-OUTSOURCING AGREEMENT.txt,Outsourcing Agreement
CHIPMOSTECHNOLOGIESBERMUDALTD_04_18_2016-EX-4.72-Strategic Alliance Agreement.txt,Strategic Alliance Agreement
CHEETAHMOBILEINC_04_22_2014-EX-10.43-Cooperation Agreement.txt,Cooperation Agreement
"HALITRON,INC_03_01_2005-EX-10.15-SPONSORSHIP AND DEVELOPMENT AGREEMENT.txt",Development Agreement
INTRICONCORP_03_10_2009-EX-10.22-Strategic Alliance Agreement.txt,Strategic Alliance Agreement
GRANTIERRAENERGYINC_05_07_2012-EX-10.6-TRANSPORTATION CONTRACT.txt,Transportation Agreement
GSVINC_05_15_1998-EX-10-SPONSORSHIP AGREEMENT.txt,Sponsorship Agreement
ImperialGardenResortInc_20161028_DRS (on F-1)_EX-10.13_9963189_EX-10.13_Outsourcing Agreement.txt,Outsourcing Agreement
IGENEBIOTECHNOLOGYINC_05_13_2003-EX-1-JOINT VENTURE AGREEMENT.txt,Joint Venture Agreement
InnerscopeHearingTechnologiesInc_20181109_8-K_EX-10.6_11419704_EX-10.6_Distributor Agreement.txt,Distribution Agreement
GarrettMotionInc_20181001_8-K_EX-2.4_11364532_EX-2.4_Intellectual Property Agreement.txt,Intellectual Property Agreement
Freecook_20180605_S-1_EX-10.3_11233807_EX-10.3_Hosting Agreement.txt,Development Agreement
"HOSPITALITYINVESTORSTRUST,INC_04_07_2014-EX-10.26-FRANCHISE AGREEMENT.txt",Franchise Agreement
IntegrityFunds_20200121_485BPOS_EX-99.E UNDR CONTR_11948727_EX-99.E UNDR CONTR_Service Agreement.txt,Distribution Agreement
FreezeTagInc_20180411_8-K_EX-10.1_11139603_EX-10.1_Sponsorship Agreement.txt,Sponsorship Agreement
"GIGGLESN_HUGS,INC_06_23_2016-EX-10.2-STRATEGIC ALLIANCE AGREEMENT.txt",Strategic Alliance Agreement
KENTUCKYUTILITIESCO_03_25_2003-EX-10.65-TRANSPORTATION AGREEMENT.txt,Transportation Agreement
IMPCOTECHNOLOGIESINC_04_15_2003-EX-10.65-JOINT VENTURE AGREEMENT.txt,Joint Venture Agreement
"GWG HOLDINGS, INC. - ORDERLY MARKETING AGREEMENT.txt",Marketing Agreement
GpaqAcquisitionHoldingsInc_20200123_S-4A_EX-10.8_11951679_EX-10.8_Service Agreement.txt,Sponsorship Agreement
"HC2HOLDINGS,INC_05_14_2020-EX-10.1-COOPERATION AGREEMENT.txt",Cooperation Agreement
ExactSciencesCorp_20180822_8-K_EX-10.1_11331629_EX-10.1_Promotion Agreement.txt,Promotion Agreement
"FIDELITYNATIONALINFORMATIONSERVICES,INC_08_05_2009-EX-10.3-INTELLECTUAL PROPERTY AGREEMENT.txt",Intellectual Property Agreement
HealthcareIntegratedTechnologiesInc_20190812_8-K_EX-10.1_11776966_EX-10.1_Reseller Agreement.txt,Reseller Agreement
IdeanomicsInc_20160330_10-K_EX-10.26_9512211_EX-10.26_Content License Agreement.txt,License Agreement
FEDERATEDGOVERNMENTINCOMESECURITIESINC_04_28_2020-EX-99.SERV AGREE-SERVICES AGREEMENT.txt,Service Agreement
GOLDRESOURCECORP_12_11_2008-EX-10.1-STRATEGIC ALLIANCE AGREEMENT.txt,Strategic Alliance Agreement
HYDRONTECHNOLOGIESINC_03_31_1997-EX-10.47-SPONSORSHIP AGREEMENT.txt,Sponsorship Agreement
GlobalTechnologiesGroupInc_20050928_10KSB_EX-10.9_4148808_EX-10.9_Content License Agreement.txt,License Agreement
GluMobileInc_20070319_S-1A_EX-10.09_436630_EX-10.09_Content License Agreement3.txt,License Agreement
FuseMedicalInc_20190321_10-K_EX-10.43_11575454_EX-10.43_Distributor Agreement.txt,Distribution Agreement
GopageCorp_20140221_10-K_EX-10.1_8432966_EX-10.1_Content License Agreement.txt,License Agreement
FerroglobePlc_20150624_F-4A_EX-10.20_9154746_EX-10.20_Outsourcing Agreement.txt,Outsourcing Agreement
"IPAYMENT,INC_05_14_2007-EX-10.1-SPONSORSHIP AGREEMENT.txt",Sponsorship Agreement
"INTERSECTENT,INC_05_11_2020-EX-10.1-SUPPLY AGREEMENT.txt",Supply Agreement
JOINTCORP_09_19_2014-EX-10.15-FRANCHISE AGREEMENT.txt,Franchise Agreement
"GALERATHERAPEUTICS,INC_02_14_2020-EX-99.A-JOINT FILING AGREEMENT.txt",Other
IMAGEWARESYSTEMSINC_12_20_1999-EX-10.22-MAINTENANCE AGREEMENT.txt,Maintenance Agreement
IMMUNOMEDICSINC_08_07_2019-EX-10.1-PROMOTION AGREEMENT.txt,Promotion Agreement
GpaqAcquisitionHoldingsInc_20200123_S-4A_EX-10.6_11951677_EX-10.6_License Agreement.txt,License Agreement
IVILLAGEINC_03_17_1999-EX-10.16-SPONSORSHIP AGREEMENT.txt,Sponsorship Agreement
ImpresseCorp_20000322_S-1A_EX-10.11_5199234_EX-10.11_Co-Branding Agreement.txt,Marketing Agreement
ImineCorp_20180725_S-1_EX-10.5_11275970_EX-10.5_Distributor Agreement.txt,Distribution Agreement
KALLOINC_11_03_2011-EX-10.1-STRATEGIC ALLIANCE AGREEMENT.txt,Strategic Alliance Agreement
GLOBALTECHNOLOGIESLTD_06_08_2020-EX-10.16-CONSULTING AGREEMENT.txt,Consulting Agreement
"IOVANCEBIOTHERAPEUTICS,INC_08_03_2017-EX-10.1-STRATEGIC ALLIANCE AGREEMENT.txt",Strategic Alliance Agreement
FEDERATEDGOVERNMENTINCOMESECURITIESINC_04_28_2020-EX-99.SERV AGREE-SERVICES AGREEMENT_POWEROF.txt,Agency Agreement
GluMobileInc_20070319_S-1A_EX-10.09_436630_EX-10.09_Content License Agreement4.txt,License Agreement
HOLIDAYRVSUPERSTORESINC_04_15_2002-EX-10.13-ENDORSEMENT AGREEMENT.txt,Endorsement Agreement
HUBEIMINKANGPHARMACEUTICALLTD_09_19_2006-EX-10.1-OUTSOURCING AGREEMENT.txt,Outsourcing Agreement
FLOTEKINDUSTRIESINCCN_05_09_2019-EX-10.1-SUPPLY AGREEMENT.txt,Supply Agreement
IDREAMSKYTECHNOLOGYLTD_07_03_2014-EX-10.39-Cooperation Agreement on Mobile Game Business.txt,Cooperation Agreement
IbioInc_20200313_8-K_EX-10.1_12052678_EX-10.1_Development Agreement.txt,Development Agreement
"FOUNDATIONMEDICINE,INC_02_02_2015-EX-10.2-Collaboration Agreement.txt",Collaboration Agreement
GULFSOUTHMEDICALSUPPLYINC_12_24_1997-EX-4-AFFILIATE AGREEMENT.txt,Affiliate Agreement
INGEVITYCORP_05_16_2016-EX-10.5-INTELLECTUAL PROPERTY AGREEMENT.txt,Intellectual Property Agreement
InvendaCorp_20000828_S-1A_EX-10.2_2588206_EX-10.2_Co-Branding Agreement.txt,Marketing Agreement
"INTELLIGENTHIGHWAYSOLUTIONS,INC_01_18_2018-EX-10.1-Strategic Alliance Agreement.txt",Strategic Alliance Agreement
"INNOVIVA,INC_08_07_2014-EX-10.1-COLLABORATION AGREEMENT.txt",Collaboration Agreement
"FTENETWORKS,INC_02_18_2016-EX-99.4-STRATEGIC ALLIANCE AGREEMENT.txt",Strategic Alliance Agreement
JINGWEIINTERNATIONALLTD_10_04_2007-EX-10.7-INTELLECTUAL PROPERTY AGREEMENT.txt,Intellectual Property Agreement
FuelcellEnergyInc_20191106_8-K_EX-10.1_11868007_EX-10.1_Development Agreement.txt,Development Agreement
IntegrityMediaInc_20010329_10-K405_EX-10.17_2373875_EX-10.17_Co-Branding Agreement.txt,Development Agreement
GridironBionutrientsInc_20171206_8-K_EX-10.2_10972556_EX-10.2_Endorsement Agreement.txt,Endorsement Agreement
GridironBionutrientsInc_20171206_8-K_EX-10.1_10972555_EX-10.1_Endorsement Agreement.txt,Endorsement Agreement
GentechHoldingsInc_20190808_1-A_EX1A-6 MAT CTRCT_11776814_EX1A-6 MAT CTRCT_Distributor Agreement.txt,Distribution Agreement
INTERNATIONALFASTFOODCORP_04_04_1997-EX-99-FRANCHISE AGREEMENT.txt,Franchise Agreement
GluMobileInc_20070319_S-1A_EX-10.09_436630_EX-10.09_Content License Agreement1.txt,License Agreement
HEALTHGATEDATACORP_11_24_1999-EX-10.1-HOSTING AND MANAGEMENT AGREEMENT (1).txt,Development Agreement
"GRIDIRONBIONUTRIENTS,INC_02_05_2020-EX-10.3-SUPPLY AGREEMENT.txt",Supply Agreement
InmodeLtd_20190729_F-1A_EX-10.9_11743243_EX-10.9_Manufacturing Agreement.txt,Manufacturing Agreement
HealthcentralCom_19991108_S-1A_EX-10.27_6623292_EX-10.27_Co-Branding Agreement.txt,Marketing Agreement
HertzGroupRealtyTrustInc_20190920_S-11A_EX-10.8_11816941_EX-10.8_Trademark License Agreement.txt,License Agreement
INKTOMICORP_06_08_1998-EX-10.14-SOFTWARE HOSTING AGREEMENT.txt,Hosting Agreement
"GOOSEHEADINSURANCE,INC_04_02_2018-EX-10.6-Franchise Agreement.txt",Franchise Agreement
IpassInc_20181203_8-K_EX-99.1_11445874_EX-99.1_Reseller Agreement.txt,Reseller Agreement
GOCALLINC_03_30_2000-EX-10.7-Promotion Agreement.txt,Promotion Agreement
ICORECONNECTINC_10_13_2010-EX-7.1-Strategic Alliance Agreement.txt,Strategic Alliance Agreement
HerImports_20161018_8-KA_EX-10.14_9765707_EX-10.14_Maintenance Agreement.txt,Maintenance Agreement
FEDERATEDGOVERNMENTINCOMESECURITIESINC_04_28_2020-EX-99.SERV AGREE-SERVICES AGREEMENT_SECONDAMENDMENT.txt,Service Agreement
"HEMISPHERX - Sales, Marketing, Distribution, and Supply Agreement.txt",Distribution Agreement
FEDERATEDGOVERNMENTINCOMESECURITIESINC_04_28_2020-EX-99.SERV AGREE-SERVICES AGREEMENT_AMENDMENT.txt,Service Agreement
FulucaiProductionsLtd_20131223_10-Q_EX-10.9_8368347_EX-10.9_Content License Agreement.txt,License Agreement
"GSITECHNOLOGYINC_11_16_2009-EX-10.2-INTELLECTUAL PROPERTY AGREEMENT between SONY ELECTRONICS INC. and GSI TECHNOLOGY, INC..txt",Intellectual Property Agreement
FUSIONPHARMACEUTICALSINC_06_05_2020-EX-10.17-Supply Agreement - FUSION.txt,Supply Agreement
HPILHOLDING_01_07_2015-EX-99.1-COOPERATION AGREEMENT.txt,Cooperation Agreement
GluMobileInc_20070319_S-1A_EX-10.09_436630_EX-10.09_Content License Agreement2.txt,License Agreement
HEALTHGATEDATACORP_11_24_1999-EX-10.1-HOSTING AND MANAGEMENT AGREEMENT - Escrow Agreement.txt,Collaboration Agreement
GAINSCOINC_01_21_2010-EX-10.41-SPONSORSHIP AGREEMENT.txt,Sponsorship Agreement
HYPERIONSOFTWARECORP_09_28_1994-EX-10.47-EXCLUSIVE DISTRIBUTOR AGREEMENT.txt,Distribution Agreement
HarpoonTherapeuticsInc_20200312_10-K_EX-10.18_12051356_EX-10.18_Development Agreement.txt,Development Agreement
FIBROGENINC_10_01_2014-EX-10.11-COLLABORATION AGREEMENT.txt,Collaboration Agreement
IdeanomicsInc_20151124_8-K_EX-10.2_9354744_EX-10.2_Content License Agreement.txt,License Agreement
"HERTZGLOBALHOLDINGS,INC_07_07_2016-EX-10.4-INTELLECTUAL PROPERTY AGREEMENT.txt",Intellectual Property Agreement
HfEnterprisesInc_20191223_S-1_EX-10.22_11931299_EX-10.22_Development Agreement.txt,Outsourcing Agreement
GALACTICOMMTECHNOLOGIESINC_11_07_1997-EX-10.46-WEB HOSTING AGREEMENT.txt,Hosting Agreement
LUCIDINC_04_15_2011-EX-10.9-DISTRIBUTOR AGREEMENT.txt,Distribution Agreement
"MJBIOTECH,INC_12_06_2018-EX-99.01-JOINT VENTURE AGREEMENT.txt",Joint Venture Agreement
"KIROMICBIOPHARMA,INC_05_11_2020-EX-10.23-CONSULTING AGREEMENT.txt",Consulting Agreement
"OPTIMIZEDTRANSPORTATIONMANAGEMENT,INC_07_26_2000-EX-6.6-DISTRIBUTOR AGREEMENT.txt",Distribution Agreement
OFGBANCORP_03_28_2007-EX-10.23-OUTSOURCING AGREEMENT.txt,Outsourcing Agreement
NEXSTARFINANCEHOLDINGSINC_03_27_2002-EX-10.26-OUTSOURCING AGREEMENT.txt,Outsourcing Agreement
ORBSATCORP_08_17_2007-EX-7.3-STRATEGIC ALLIANCE AGREEMENT.txt,Strategic Alliance Agreement
NATIONALPROCESSINGINC_07_18_1996-EX-10.4-SPONSORSHIP AGREEMENT.txt,Agency Agreement
"OMINTO,INC_03_29_2004-EX-10-RESELLER AGREEMENT.txt",Reseller Agreement
NEONSYSTEMSINC_03_01_1999-EX-10.5-DISTRIBUTOR AGREEMENT_New.txt,Distribution Agreement
LinkPlusCorp_20050802_8-K_EX-10_3240252_EX-10_Affiliate Agreement.txt,Affiliate Agreement
NeoformaInc_19991202_S-1A_EX-10.26_5224521_EX-10.26_Co-Branding Agreement.txt,Marketing Agreement
"MFAFINANCIAL,INC_07_06_2020-EX-99.D-JOINT FILING AGREEMENT.txt",Other
OPERALTD_04_30_2020-EX-4.14-SERVICE AGREEMENT.txt,Service Agreement
MusclepharmCorp_20170208_10-KA_EX-10.38_9893581_EX-10.38_Co-Branding Agreement.txt,Endorsement Agreement
"MetLife, Inc. - Remarketing Agreement.txt",Other
MOVADOGROUPINC_04_30_2003-EX-10.28-ENDORSEMENT AGREEMENT.txt,Endorsement Agreement
"Magenta Therapeutics, Inc. - Master Development and Manufacturing Agreement.txt",Manufacturing Agreement
MOSSIMOINC_04_14_2000-EX-10.14-ENDORSEMENT AGREEMENT.txt,Endorsement Agreement
NETZEEINC_11_14_2002-EX-10.3-MAINTENANCE AGREEMENT.txt,Maintenance Agreement
NlsPharmaceuticsLtd_20200228_F-1_EX-10.14_12029046_EX-10.14_Development Agreement.txt,License Agreement
"NETGEAR,INC_04_21_2003-EX-10.16- AMENDMENT #2 TO THE DISTRIBUTION AGREEMENT.txt",Distribution Agreement
MRSFIELDSORIGINALCOOKIESINC_01_29_1998-EX-10-FRANCHISE AGREEMENT.txt,Franchise Agreement
MphaseTechnologiesInc_20030911_10-K_EX-10.15_1560667_EX-10.15_Co-Branding Agreement.txt,License Agreement
LeadersonlineInc_20000427_S-1A_EX-10.8_4991089_EX-10.8_Co-Branding Agreement.txt,Marketing Agreement
MEDIWOUNDLTD_01_15_2014-EX-10.6-SUPPLY AGREEMENT.txt,Supply Agreement
LIGHTBRIDGECORP_11_23_2015-EX-10.26-STRATEGIC ALLIANCE AGREEMENT.txt,Strategic Alliance Agreement
MERCATAINC_03_09_2000-EX-10.21-SPONSORSHIP AGREEMENT.txt,Sponsorship Agreement
KitovPharmaLtd_20190326_20-F_EX-4.15_11584449_EX-4.15_Manufacturing Agreement.txt,Manufacturing Agreement
"MEDALISTDIVERSIFIEDREIT,INC_05_18_2020-EX-10.1-CONSULTING AGREEMENT.txt",Consulting Agreement
NETGROCERINC_07_31_1998-EX-10.15-SPONSORSHIP AGREEMENT.txt,Sponsorship Agreement
"MIDDLEBROOKPHARMACEUTICALS,INC_03_18_2010-EX-10.1-PROMOTION AGREEMENT.txt",Promotion Agreement
"MEETGROUP,INC_06_29_2017-EX-10.1-COOPERATION AGREEMENT.txt",Cooperation Agreement
LejuHoldingsLtd_20140121_DRS (on F-1)_EX-10.26_8473102_EX-10.26_Content License Agreement1.txt,License Agreement
OLDAPIWIND-DOWNLTD_01_08_2016-EX-1.3-AGENCY AGREEMENT1.txt,Agency Agreement
ON4COMMUNICATIONSINC_07_02_2009-EX-10.1-PROMOTION AGREEMENT.txt,Promotion Agreement
LiquidmetalTechnologiesInc_20200205_8-K_EX-10.1_11968198_EX-10.1_Development Agreement.txt,Collaboration Agreement
MARTINMIDSTREAMPARTNERSLP_01_23_2004-EX-10.3-TRANSPORTATION SERVICES AGREEMENT.txt,Transportation Agreement
"LEGACYTECHNOLOGYHOLDINGS,INC_12_09_2005-EX-10.2-DISTRIBUTOR AGREEMENT.txt",Distribution Agreement
LOYALTYPOINTINC_11_16_2004-EX-10.2-RESELLER AGREEMENT.txt,Reseller Agreement
Microgenics Corporation - Collaborative Development and Commercialization Agreement.txt,Collaboration Agreement
NakedBrandGroupInc_20150731_POS AM (on S-1)_EX-10.75_9196027_EX-10.75_Endorsement Agreement.txt,Endorsement Agreement
PANDIONTHERAPEUTICSHOLDCOLLC_05_22_2020-EX-10.17-CONSULTING AGREEMENT.txt,Consulting Agreement
"OASYSMOBILE,INC_07_05_2001-EX-10.17-OUTSOURCING AGREEMENT.txt",Outsourcing Agreement
MSCIINC_02_28_2008-EX-10.10-.txt,Intellectual Property Agreement
N2KINC_10_16_1997-EX-10.16-SPONSORSHIP AGREEMENT.txt,Sponsorship Agreement
LOGANSROADHOUSEINC_03_27_1998-EX-10.17-SPONSORSHIP AGREEMENT.txt,Sponsorship Agreement
LohaCompanyltd_20191209_F-1_EX-10.16_11917878_EX-10.16_Supply Agreement.txt,Supply Agreement
"KNOWLABS,INC_08_15_2005-EX-10-INTELLECTUAL PROPERTY AGREEMENT.txt",Intellectual Property Agreement
NYLIACVARIABLEANNUITYSEPARATEACCOUNTIII_04_10_2020-EX-99.8.KK-SERVICE AGREEMENT.txt,Service Agreement
"KUBIENT,INC_07_02_2020-EX-10.14-MASTER SERVICES AGREEMENT_Part1.txt",Service Agreement
"ONEMAINHOLDINGS,INC_02_20_2020-EX-99.D-JOINT FILING AGREEMENT.txt",Other
"Loop Industries, Inc. - Marketing Agreement.txt",Marketing Agreement
MPLXLP_06_17_2015-EX-10.1-TRANSPORTATION SERVICES AGREEMENT.txt,Transportation Agreement
LEJUHOLDINGSLTD_03_12_2014-EX-10.34-INTERNET CHANNEL COOPERATION AGREEMENT.txt,Cooperation Agreement
LifewayFoodsInc_20160316_10-K_EX-10.24_9489766_EX-10.24_Endorsement Agreement.txt,Endorsement Agreement
"MARSHALLHOLDINGSINTERNATIONAL,INC_04_14_2004-EX-10.15-ENDORSEMENT AGREEMENT.txt",Endorsement Agreement
MERITLIFEINSURANCECO_06_19_2020-EX-10.(XIV)-MASTER SERVICES AGREEMENT.txt,Consulting Agreement
LegacyEducationAllianceInc_20141110_8-K_EX-10.9_8828866_EX-10.9_Endorsement Agreement.txt,Endorsement Agreement
"NETGEAR,INC_04_21_2003-EX-10.16-AMENDMENT TO THE DISTRIBUTOR AGREEMENT BETWEEN INGRAM MICRO AND NETGEAR.txt",Distribution Agreement
NeuroboPharmaceuticalsInc_20190903_S-4_EX-10.36_11802165_EX-10.36_Manufacturing Agreement_ Supply Agreement.txt,Manufacturing Agreement
NmfSlfIInc_20200115_10-12GA_EX-10.5_11946987_EX-10.5_Trademark License Agreement.txt,License Agreement
MANAKOASERVICESCORP_11_21_2007-EX-7.5-STRATEGIC ALLIANCE AGREEMENT.txt,Strategic Alliance Agreement
"OTISWORLDWIDECORP_04_03_2020-EX-10.4-INTELLECTUAL PROPERTY AGREEMENT by and among UNITED TECHNOLOGIES CORPORATION, OTIS WORLDWIDE CORPORATION and CARRIER ~1.txt",Intellectual Property Agreement
LIMEENERGYCO_09_09_1999-EX-10-DISTRIBUTOR AGREEMENT.txt,Distribution Agreement
KINGPHARMACEUTICALSINC_08_09_2006-EX-10.1-PROMOTION AGREEMENT.txt,Promotion Agreement
LECLANCHÉ S.A. - JOINT DEVELOPMENT AND MARKETING AGREEMENT.txt,Development Agreement
"KUBIENT,INC_07_02_2020-EX-10.14-MASTER SERVICES AGREEMENT_Part2.txt",Consulting Agreement
NANOPHASETECHNOLOGIESCORP_11_01_2005-EX-99.1-DISTRIBUTOR AGREEMENT.txt,Distribution Agreement
"PACIRA PHARMACEUTICALS, INC. - A_R STRATEGIC LICENSING, DISTRIBUTION AND MARKETING AGREEMENT .txt",License Agreement
MOELIS_CO_03_24_2014-EX-10.19-STRATEGIC ALLIANCE AGREEMENT.txt,Strategic Alliance Agreement
"KIROMICBIOPHARMA,INC_04_08_2020-EX-10.28-JOINT VENTURE AGREEMENT.txt",Joint Venture Agreement
MorganStanleyDirectLendingFund_20191119_10-12GA_EX-10.5_11898508_EX-10.5_Trademark License Agreement.txt,License Agreement
LejuHoldingsLtd_20140121_DRS (on F-1)_EX-10.26_8473102_EX-10.26_Content License Agreement2.txt,Other
MACROGENICSINC_08_02_2013-EX-10-COLLABORATION AGREEMENT.txt,Collaboration Agreement
NICELTD_06_26_2003-EX-4.5-OUTSOURCING AGREEMENT.txt,Outsourcing Agreement
MTITECHNOLOGYCORP_11_16_2004-EX-10.102-Reseller Agreement Premier Addendum.txt,Reseller Agreement
PACIFICSYSTEMSCONTROLTECHNOLOGYINC_08_24_2000-EX-10.53-SPONSORSHIP AGREEMENT.txt,Sponsorship Agreement
"NETGEAR,INC_04_21_2003-EX-10.16-DISTRIBUTOR AGREEMENT.txt",Distribution Agreement
Monsanto Company - SECOND A_R EXCLUSIVE AGENCY AND MARKETING AGREEMENT .txt,Agency Agreement
MANUFACTURERSSERVICESLTD_06_05_2000-EX-10.14-OUTSOURCING AGREEMENT.txt,Outsourcing Agreement
NELNETINC_04_08_2020-EX-1-JOINT FILING AGREEMENT.txt,Other
NEONSYSTEMSINC_03_01_1999-EX-10.5-DISTRIBUTOR AGREEMENT_Amendment.txt,Distribution Agreement
"OAKTREECAPITALGROUP,LLC_03_02_2020-EX-10.8-Services Agreement.txt",Service Agreement
"NOVOINTEGRATEDSCIENCES,INC_12_23_2019-EX-10.1-JOINT VENTURE AGREEMENT.txt",Joint Venture Agreement
NEOMEDIATECHNOLOGIESINC_12_15_2005-EX-16.1-DISTRIBUTOR AGREEMENT.txt,Distribution Agreement
LOOKSMARTLTD_07_20_2012-EX-99.(D)(I)-SPONSORSHIP AGREEMENT.txt,Sponsorship Agreement
"ON2TECHNOLOGIES,INC_11_17_2006-EX-10.3-SUPPORT AND MAINTENANCE AGREEMENT.txt",Maintenance Agreement
LegacyEducationAllianceInc_20200330_10-K_EX-10.18_12090678_EX-10.18_Development Agreement.txt,Development Agreement
OLDAPIWIND-DOWNLTD_01_08_2016-EX-1.3-AGENCY AGREEMENT2.txt,Agency Agreement
"MACY_S,INC_05_11_2020-EX-99.4-JOINT FILING AGREEMENT.txt",Cooperation Agreement
MidwestEnergyEmissionsCorp_20080604_8-K_EX-10.2_3093976_EX-10.2_Content License Agreement.txt,License Agreement
NUVEEN - REMARKETING AGREEMENT.txt,Agency Agreement
PcquoteComInc_19990721_S-1A_EX-10.11_6377149_EX-10.11_Co-Branding Agreement3.txt,Marketing Agreement
ReedsInc_20191113_10-Q_EX-10.4_11888303_EX-10.4_Development Agreement.txt,Development Agreement
PalmerSquareCapitalBdcInc_20200116_10-12GA_EX-10.6_11949289_EX-10.6_Trademark License Agreement.txt,License Agreement
SLOVAKWIRELESSFINANCECOBV_03_28_2001-EX-4.(B)(II).3-Maintenance and support contract for SICAP(R) modules.txt,Maintenance Agreement
ScansourceInc_20190822_10-K_EX-10.39_11793959_EX-10.39_Distributor Agreement.txt,Distribution Agreement
RevolutionMedicinesInc_20200117_S-1_EX-10.1_11948417_EX-10.1_Development Agreement.txt,Collaboration Agreement
PhotronicsInc_20171219_10-QA_EX-10.28_10982650_EX-10.28_Outsourcing Agreement.txt,Outsourcing Agreement
QIWI_06_16_2017-EX-99.(D)(2)-COOPERATION AGREEMENT.txt,Cooperation Agreement
PcquoteComInc_19990721_S-1A_EX-10.11_6377149_EX-10.11_Co-Branding Agreement2.txt,Marketing Agreement
PHLVARIABLEINSURANCECOCT_08_17_2009-EX-10.1-STRATEGIC ALLIANCE AGREEMENT.txt,Strategic Alliance Agreement
PcquoteComInc_19990721_S-1A_EX-10.11_6377149_EX-10.11_Co-Branding Agreement1.txt,Marketing Agreement
PREMIERBIOMEDICALINC_05_14_2020-EX-10.2-INTELLECTUAL PROPERTY AGREEMENT.txt,Intellectual Property Agreement
SEASPINEHOLDINGSCORP_10_10_2018-EX-10.1-SUPPLY AGREEMENT.txt,Supply Agreement
SPHERE3DCORP_06_24_2020-EX-10.12-CONSULTING AGREEMENT.txt,Consulting Agreement
"PHREESIA,INC_05_28_2019-EX-10.18-STRATEGIC ALLIANCE AGREEMENT.txt",Strategic Alliance Agreement
SmartRxSystemsInc_20180914_1-A_EX1A-6 MAT CTRCT_11351705_EX1A-6 MAT CTRCT_Distributor Agreement.txt,Distribution Agreement
"SUCAMPOPHARMACEUTICALS,INC_11_04_2015-EX-10.2-STRATEGIC ALLIANCE AGREEMENT.txt",Strategic Alliance Agreement
"SPIENERGYCO,LTD_07_10_2014-EX-10-Cooperation Agreement of 50MWp Photovoltaic Grid-connected Power Generation Project in Yangqiao of~1.txt",Cooperation Agreement
SimplicityEsportsGamingCompany_20181130_8-K_EX-10.1_11444071_EX-10.1_Franchise Agreement.txt,Franchise Agreement
RandWorldwideInc_20010402_8-KA_EX-10.2_2102464_EX-10.2_Co-Branding Agreement.txt,Marketing Agreement
"PRECIGEN,INC_01_22_2020-EX-99.1-JOINT FILING AGREEMENT.txt",Cooperation Agreement
RaeSystemsInc_20001114_10-Q_EX-10.57_2631790_EX-10.57_Co-Branding Agreement.txt,Marketing Agreement
"SIBANNAC,INC_12_04_2017-EX-2.1-Strategic Alliance Agreement.txt",Strategic Alliance Agreement
PrudentialBancorpInc_20170606_8-K_EX-10.4_10474434_EX-10.4_Endorsement Agreement.txt,Endorsement Agreement
PFSFUNDS_06_26_2020-EX-99.H OTH MAT CONT-SERVICES AGREEMENT.txt,Service Agreement
"ROCKYMOUNTAINCHOCOLATEFACTORY,INC_12_23_2019-EX-10.2-STRATEGIC ALLIANCE AGREEMENT.txt",Strategic Alliance Agreement
"Reinsurance Group of America, Incorporated - A_R REMARKETING  AGREEMENT.txt",Other
PelicanDeliversInc_20200211_S-1_EX-10.3_11975895_EX-10.3_Development Agreement1.txt,Development Agreement
SECURIANFUNDSTRUST_05_01_2012-EX-99.28.H.9-NET INVESTMENT INCOME MAINTENANCE AGREEMENT.txt,Maintenance Agreement
PlayboyEnterprisesInc_20090220_10-QA_EX-10.2_4091580_EX-10.2_Content License Agreement_ Marketing Agreement_ Sales-Purchase Agreement1.txt,License Agreement
SUMMAFOURINC_06_19_1998-EX-10.3-SOFTWARE LICENSE AND MAINTENANCE AGREEMENT.txt,License Agreement
SigaTechnologiesInc_20190603_8-K_EX-10.1_11695818_EX-10.1_Promotion Agreement.txt,Promotion Agreement
ScansourceInc_20190822_10-K_EX-10.38_11793958_EX-10.38_Distributor Agreement2.txt,License Agreement
PenntexMidstreamPartnersLp_20150416_S-1A_EX-10.4_9042833_EX-10.4_Transportation Agreement.txt,Transportation Agreement
RareElementResourcesLtd_20171019_SC 13D_EX-99.4_10897534_EX-99.4_Intellectual Property Agreement.txt,Intellectual Property Agreement
SalesforcecomInc_20171122_10-Q_EX-10.1_10961535_EX-10.1_Reseller Agreement.txt,Reseller Agreement
RISEEDUCATIONCAYMANLTD_04_17_2020-EX-4.23-SERVICE AGREEMENT.txt,Service Agreement
PharmagenInc_20120803_8-KA_EX-10.1_7693204_EX-10.1_Endorsement Agreement.txt,Endorsement Agreement
REWALKROBOTICSLTD_07_10_2014-EX-10.2-STRATEGIC ALLIANCE AGREEMENT.txt,Strategic Alliance Agreement
ScansourceInc_20190509_10-Q_EX-10.2_11661422_EX-10.2_Distributor Agreement.txt,Distribution Agreement
"SPIENERGYCO,LTD_03_09_2011-EX-99.5-OPERATIONS AND MAINTENANCE AGREEMENT.txt",Maintenance Agreement
PhoenixNewMediaLtd_20110421_F-1_EX-10.17_6958322_EX-10.17_Content License Agreement.txt,License Agreement
ReynoldsConsumerProductsInc_20200121_S-1A_EX-10.22_11948918_EX-10.22_Service Agreement.txt,Service Agreement
PROFOUNDMEDICALCORP_08_29_2019-EX-4.5-SUPPLY AGREEMENT.txt,Supply Agreement
SONUSCORP_03_12_1997-EX-10.11-SPONSORSHIP AGREEMENT.txt,Sponsorship Agreement
RitterPharmaceuticalsInc_20200313_S-4A_EX-10.54_12055220_EX-10.54_Development Agreement.txt,Distribution Agreement
PfHospitalityGroupInc_20150923_10-12G_EX-10.1_9266710_EX-10.1_Franchise Agreement3.txt,Other
PaperexchangeComInc_20000322_S-1A_EX-10.4_5202103_EX-10.4_Co-Branding Agreement.txt,Marketing Agreement
SLINGERBAGINC_05_27_2020-EX-10.7-CONSULTING AGREEMENT.txt,Consulting Agreement
SCOUTCAMINC_05_12_2020-EX-10.22-SERVICES AGREEMENT.txt,Service Agreement
SPARKLINGSPRINGWATERHOLDINGSLTD_07_03_2002-EX-10.13-SOFTWARE LICENSE AND MAINTENANCE AGREEMENT.txt,License Agreement
SUNTRONCORP_05_17_2006-EX-10.22-MAINTENANCE AGREEMENT.txt,Maintenance Agreement
RemarkHoldingsInc_20081114_10-Q_EX-10.24_2895649_EX-10.24_Content License Agreement.txt,License Agreement
PareteumCorp_20081001_8-K_EX-99.1_2654808_EX-99.1_Hosting Agreement.txt,Hosting Agreement
PRIMEENERGYRESOURCESCORP_04_02_2007-EX-10.28-COMPLETION AND LIQUIDITY MAINTENANCE AGREEMENT.txt,Maintenance Agreement
SENMIAOTECHNOLOGYLTD_02_19_2019-EX-10.5-Collaboration Agreement.txt,Collaboration Agreement
SEPARATEACCOUNTIIOFAGL_05_02_2011-EX-99.(J)(4)-UNCONDITIONAL CAPITAL MAINTENANCE AGREEMENT.txt,Maintenance Agreement
"SOLUTIONSVENDINGINTERNATIONAL,INC_03_31_2020-EX1A-1 UNDR AGMT-SERVICES AGREEMENT.txt",Service Agreement
PapaJohnsInternationalInc_20190617_8-K_EX-10.1_11707365_EX-10.1_Endorsement Agreement.txt,Endorsement Agreement
PerformanceSportsBrandsInc_20110909_S-1_EX-10.10_7220214_EX-10.10_Endorsement Agreement.txt,Endorsement Agreement
"SightLife Surgical, Inc. - STRATEGIC SALES _ MARKETING AGREEMENT.txt",Strategic Alliance Agreement
Quaker Chemical Corporation - NON COMPETITION AND NON SOLICITATION AGREEMENT.txt,Other
SANDRIDGEENERGYINC_08_06_2009-EX-10.6-OPERATIONS AND MAINTENANCE AGREEMENT.txt,Maintenance Agreement
PLAYAHOTELS_RESORTSNV_03_14_2017-EX-10.22-STRATEGIC ALLIANCE AGREEMENT (Hyatt Ziva Cancun).txt,Strategic Alliance Agreement
STARTECGLOBALCOMMUNICATIONSCORP_11_16_1998-EX-10.30-CONSTRUCTION AND MAINTENANCE AGREEMENT.txt,Maintenance Agreement
SMITHELECTRICVEHICLESCORP_04_04_2012-EX-10.26-FLEET MAINTENANCE AGREEMENT.txt,Maintenance Agreement
PROLONGINTERNATIONALCORP_03_23_1998-EX-10.16-SPONSORSHIP AGREEMENT.txt,Sponsorship Agreement
QuantumGroupIncFl_20090120_8-K_EX-99.2_3672910_EX-99.2_Hosting Agreement.txt,Hosting Agreement
"SPRINGBANKPHARMACEUTICALS,INC_04_08_2020-EX-99.A-JOINT FILING AGREEMENT.txt",Other
PacificapEntertainmentHoldingsInc_20051115_8-KA_EX-1.01_4300894_EX-1.01_Content License Agreement.txt,License Agreement
PlayboyEnterprisesInc_20090220_10-QA_EX-10.2_4091580_EX-10.2_Content License Agreement_ Marketing Agreement_ Sales-Purchase Agreement2.txt,Supply Agreement
STWRESOURCESHOLDINGCORP_08_06_2014-EX-10.1-COOPERATION AGREEMENT.txt,Cooperation Agreement
SPORTHALEYINC_09_29_1997-EX-10.2-10-ENDORSEMENT AGREEMENT.txt,Endorsement Agreement
"SPOKHOLDINGS,INC_06_19_2020-EX-10.1-COOPERATION AGREEMENT.txt",Cooperation Agreement
"PAXMEDICA,INC_07_02_2020-EX-10.12-Master Service Agreement.txt",Service Agreement
RUBIOSRESTAURANTSINC_03_31_2008-EX-10.75-SPONSORSHIP AGREEMENT.txt,Sponsorship Agreement
PrecheckHealthServicesInc_20200320_8-K_EX-99.2_12070169_EX-99.2_Distributor Agreement.txt,Distribution Agreement
PfHospitalityGroupInc_20150923_10-12G_EX-10.1_9266710_EX-10.1_Franchise Agreement1.txt,Franchise Agreement
ReynoldsConsumerProductsInc_20191115_S-1_EX-10.18_11896469_EX-10.18_Supply Agreement.txt,Supply Agreement
SYKESHEALTHPLANSERVICESINC_04_24_1998-EX-10.14-OUTSOURCING AGREEMENT.txt,Outsourcing Agreement
PelicanDeliversInc_20200211_S-1_EX-10.3_11975895_EX-10.3_Development Agreement2.txt,Development Agreement
REGANHOLDINGCORP_03_31_2008-EX-10-LICENSE AND HOSTING AGREEMENT.txt,License Agreement
RgcResourcesInc_20151216_8-K_EX-10.3_9372751_EX-10.3_Franchise Agreement.txt,Franchise Agreement
Principal Life Insurance Company - Broker Dealer Marketing and Servicing Agreement.txt,Marketing Agreement
RangeResourcesLouisianaInc_20150417_8-K_EX-10.5_9045501_EX-10.5_Transportation Agreement.txt,Transportation Agreement
ParatekPharmaceuticalsInc_20170505_10-KA_EX-10.29_10323872_EX-10.29_Outsourcing Agreement.txt,Outsourcing Agreement
ScansourceInc_20190822_10-K_EX-10.38_11793958_EX-10.38_Distributor Agreement1.txt,Distribution Agreement
PhasebioPharmaceuticalsInc_20200330_10-K_EX-10.21_12086810_EX-10.21_Development Agreement.txt,Development Agreement
RMRGROUPINC_01_22_2020-EX-99.1-JOINT FILING AGREEMENT.txt,Other
STAMPSCOMINC_06_24_1999-EX-10.18-SPONSORSHIP AGREEMENT.txt,Sponsorship Agreement
SFGFINANCIALCORP_05_12_2009-EX-10.1-SOFTWARE LICENSE AND MAINTENANCE AGREEMENT.txt,License Agreement
QBIOMEDINC_04_08_2020-EX-99.1-JOINT FILING AGREEMENT.txt,Other
"VAXCYTE,INC_05_22_2020-EX-10.19-SUPPLY AGREEMENT.txt",Supply Agreement
TALCOTTRESOLUTIONLIFEINSURANCECO-SEPARATEACCOUNTTWELVE_04_30_2020-EX-99.8(L)-SERVICE AGREEMENT.txt,Service Agreement
TodosMedicalLtd_20190328_20-F_EX-4.10_11587157_EX-4.10_Marketing Agreement_ Reseller Agreement.txt,Reseller Agreement
WESTERN COPPER - NON-COMPETITION AGREEMENT.txt,Other
WestPharmaceuticalServicesInc_20200116_8-K_EX-10.1_11947529_EX-10.1_Supply Agreement.txt,Supply Agreement
TRANSMONTAIGNEPARTNERSLLC_03_13_2020-EX-10.9-SERVICES AGREEMENT.txt,Service Agreement
ZogenixInc_20190509_10-Q_EX-10.2_11663313_EX-10.2_Distributor Agreement.txt,Distribution Agreement
"VIRTUALSCOPICS,INC_11_12_2010-EX-10.1-STRATEGIC ALLIANCE AGREEMENT.txt",Strategic Alliance Agreement
WARNINGMANAGEMENTSERVICESINC_12_10_1999-EX-10-ENDORSEMENT AGREEMENT.txt,Endorsement Agreement
"WASTE2ENERGYHOLDINGS,INC_06_03_2010-EX-10.2-STRATEGIC ALLIANCE AGREEMENT.txt",Strategic Alliance Agreement
"UNITEDNATIONALBANCORP_03_03_1999-EX-99-Outsourcing Agreement with the BISYS Group, Inc..txt",Outsourcing Agreement
TELEGLOBEINTERNATIONALHOLDINGSLTD_03_29_2004-EX-10.10-CONSTRUCTION AND MAINTENANCE AGREEMENT.txt,Maintenance Agreement
VERTEXENERGYINC_08_14_2014-EX-10.24-OPERATION AND MAINTENANCE AGREEMENT.txt,Maintenance Agreement
WOMENSGOLFUNLIMITEDINC_03_29_2000-EX-10.13-ENDORSEMENT AGREEMENT - Intellectual Property Rights                 Confidentiality and Non-Use Obligations Agreement.txt,Endorsement Agreement
WARNERCHILCOTTPLC_12_31_2003-EX-4.36-DEVELOPMENT AGREEMENT.txt,Development Agreement
WPPPLC_04_30_2020-EX-4.28-SERVICE AGREEMENT.txt,Service Agreement
TRUENORTHENERGYCORP_02_08_2007-EX-10.1-DEVELOPMENT AGREEMENT.txt,Development Agreement
VitalibisInc_20180316_8-K_EX-10.2_11100168_EX-10.2_Hosting Agreement.txt,Hosting Agreement
SteelVaultCorp_20081224_10-K_EX-10.16_3074935_EX-10.16_Affiliate Agreement.txt,Affiliate Agreement
"VIRGINGALACTICHOLDINGS,INC_04_08_2020-EX-99.1-JOINT FILING STATEMENT.txt",Other
VgrabCommunicationsInc_20200129_10-K_EX-10.33_11958828_EX-10.33_Development Agreement.txt,Development Agreement
VIOLINMEMORYINC_12_12_2012-EX-10.14-SPONSORSHIP AGREEMENT.txt,Sponsorship Agreement
VnueInc_20150914_8-K_EX-10.1_9259571_EX-10.1_Promotion Agreement.txt,Promotion Agreement
VertexEnergyInc_20200113_8-K_EX-10.1_11943624_EX-10.1_Marketing Agreement.txt,Supply Agreement
TomOnlineInc_20060501_20-F_EX-4.46_749700_EX-4.46_Co-Branding Agreement.txt,Marketing Agreement
ZONDWINDSYSTEMPARTNERSLTDSERIES85-B_04_03_2006-EX-10-MANAGEMENT AND MAINTENANCE AGREEMENT.txt,Maintenance Agreement
VERSOTECHNOLOGIESINC_12_28_2007-EX-99.3-INTELLECTUAL PROPERTY AGREEMENT.txt,Intellectual Property Agreement
"VAPOTHERM, INC. - Manufacturing and Supply Agreement.txt",Manufacturing Agreement
TRICITYBANKSHARESCORP_05_15_1998-EX-10-OUTSOURCING AGREEMENT.txt,Outsourcing Agreement
USASYNTHETICFUELCORP_10_21_2010-EX-10.10-STRATEGIC ALLIANCE AGREEMENT.txt,Strategic Alliance Agreement
"TALLGRASSENERGY,LP_02_20_2020-EX-99.26-JOINT FILING AGREEMENT.txt",Cooperation Agreement
WatchitMediaInc_20061201_8-K_EX-10.1_4148672_EX-10.1_Content License Agreement.txt,License Agreement
VALENCETECHNOLOGYINC_02_14_2003-EX-10-JOINT VENTURE CONTRACT.txt,Joint Venture Agreement
"XLITECHNOLOGIES,INC_12_02_2015-EX-10.02-STRATEGIC ALLIANCE AGREEMENT.txt",Strategic Alliance Agreement
SoupmanInc_20150814_8-K_EX-10.1_9230148_EX-10.1_Franchise Agreement4.txt,Franchise Agreement
WOMENSGOLFUNLIMITEDINC_03_29_2000-EX-10.13-ENDORSEMENT AGREEMENT.txt,Endorsement Agreement
VerizonAbsLlc_20200123_8-K_EX-10.4_11952335_EX-10.4_Service Agreement.txt,Servicing Agreement
"Sonos, Inc. - Manufacturing Agreement .txt",Manufacturing Agreement
"TRANSPHORM,INC_02_14_2020-EX-10.12(1)-JOINT VENTURE AGREEMENT.txt",Joint Venture Agreement
VERTICALNETINC_04_01_2002-EX-10.19-MAINTENANCE AND SUPPORT AGREEMENT.txt,Maintenance Agreement
WELLSFARGOMORTGAGEBACKEDSECURITIES2006-6TRUST_05_11_2006-EX-10.3-Yield Maintenance Agreement.txt,Other
ZtoExpressCaymanInc_20160930_F-1_EX-10.10_9752871_EX-10.10_Transportation Agreement.txt,Transportation Agreement
VERICELCORP_08_06_2019-EX-10.10-SUPPLY AGREEMENT.txt,Supply Agreement
XENCORINC_10_25_2013-EX-10.24-COLLABORATION AGREEMENT (3).txt,Collaboration Agreement
TICKETSCOMINC_06_22_1999-EX-10.22-SPONSORSHIP AGREEMENT.txt,Sponsorship Agreement
ULTRAGENYXPHARMACEUTICALINC_12_23_2013-EX-10.9-SUPPLY AGREEMENT.txt,Supply Agreement
WaterNowInc_20191120_10-Q_EX-10.12_11900227_EX-10.12_Distributor Agreement.txt,Distribution Agreement
UAGHINC_04_14_2004-EX-10.18-MAINTENANCE AGREEMENT.txt,Maintenance Agreement
WEBHELPCOMINC_03_22_2000-EX-10.8-HOSTING AGREEMENT.txt,Hosting Agreement
"Zounds Hearing, Inc. - MANUFACTURING DESIGN MARKETING AGREEMENT.txt",Manufacturing Agreement
"VEONEER,INC_02_21_2020-EX-10.11-JOINT VENTURE AGREEMENT.txt",Joint Venture Agreement
"XACCT Technologies, Inc.SUPPORT AND MAINTENANCE AGREEMENT.txt",Maintenance Agreement
VirtuosoSurgicalInc_20191227_1-A_EX1A-6 MAT CTRCT_11933379_EX1A-6 MAT CTRCT_License Agreement.txt,License Agreement
UsioInc_20040428_SB-2_EX-10.11_1723988_EX-10.11_Affiliate Agreement 2.txt,Affiliate Agreement
StaarSurgicalCompany_20180801_10-Q_EX-10.37_11289449_EX-10.37_Distributor Agreement.txt,Distribution Agreement
URSCORPNEW_03_17_2014-EX-99-COOPERATION AGREEMENT.txt,Cooperation Agreement
XpresspaGroupInc_20190401_10-K_EX-10.28_11599457_EX-10.28_Marketing Agreement.txt,Distribution Agreement
TRIZETTOGROUPINC_08_18_1999-EX-10.17-TECHNICAL INFRASTRUCTURE MAINTENANCE AGREEMENT.txt,Maintenance Agreement
UpjohnInc_20200121_10-12G_EX-2.6_11948692_EX-2.6_Manufacturing Agreement_ Supply Agreement.txt,Manufacturing Agreement
TheglobeComInc_19990503_S-1A_EX-10.20_5416126_EX-10.20_Co-Branding Agreement.txt,Marketing Agreement
"WHITESMOKE,INC_11_08_2011-EX-10.26-PROMOTION AND DISTRIBUTION AGREEMENT.txt",Distribution Agreement
VARIABLESEPARATEACCOUNT_04_30_2014-EX-13.C-UNCONDITIONAL CAPITAL MAINTENANCE AGREEMENT.txt,Other
"VNUE,INC_07_10_2015-EX-10.1-SPONSORSHIP AGREEMENT.txt",Sponsorship Agreement
SoupmanInc_20150814_8-K_EX-10.1_9230148_EX-10.1_Franchise Agreement1.txt,Franchise Agreement
"THERAVANCEBIOPHARMA,INC_05_08_2020-EX-10.2-SERVICE AGREEMENT.txt",Service Agreement
ZEBRATECHNOLOGIESCORP_04_16_2014-EX-10.1-INTELLECTUAL PROPERTY AGREEMENT.txt,Intellectual Property Agreement
SoupmanInc_20150814_8-K_EX-10.1_9230148_EX-10.1_Franchise Agreement2.txt,Franchise Agreement
VITAMINSHOPPECOMINC_09_13_1999-EX-10.26-SPONSORSHIP AGREEMENT.txt,Sponsorship Agreement
TELKOMSALTD_01_30_2003-EX-10-LICENCE AND MAINTENANCE AGREEMENT.txt,License Agreement
"TURNKEYCAPITAL,INC_07_20_2017-EX-1.1-Strategic Alliance Agreement.txt",Strategic Alliance Agreement
SouthernStarEnergyInc_20051202_SB-2A_EX-9_801890_EX-9_Affiliate Agreement.txt,Affiliate Agreement
ThriventVariableInsuranceAccountB_20190701_N-6_EX-99.D(IV)_11720968_EX-99.D(IV)_Endorsement Agreement.txt,Endorsement Agreement
WebmdHealthCorp_20050908_S-1A_EX-10.7_1027007_EX-10.7_Content License Agreement.txt,License Agreement
SoupmanInc_20150814_8-K_EX-10.1_9230148_EX-10.1_Franchise Agreement3.txt,Franchise Agreement
TUNIUCORP_03_06_2014-EX-10-COOPERATION AGREEMENT.txt,Cooperation Agreement
"XLITECHNOLOGIES,INC_12_11_2015-EX-10.1-Sponsorship Agreement.txt",Sponsorship Agreement
"VISIUMTECHNOLOGIES,INC_10_20_2004-EX-10.20-DISTRIBUTOR AGREEMENT.txt",Distribution Agreement
WORLDWIDESTRATEGIESINC_11_02_2005-EX-10-RESELLER AGREEMENT.txt,Reseller Agreement
UnionDentalHoldingsInc_20050204_8-KA_EX-10_3345577_EX-10_Affiliate Agreement.txt,Affiliate Agreement
TubeMediaCorp_20060310_8-K_EX-10.1_513921_EX-10.1_Affiliate Agreement.txt,Affiliate Agreement
TcPipelinesLp_20160226_10-K_EX-99.12_9454048_EX-99.12_Transportation Agreement.txt,Transportation Agreement
StampscomInc_20001114_10-Q_EX-10.47_2631630_EX-10.47_Co-Branding Agreement.txt,Service Agreement
XYBERNAUTCORP_07_12_2002-EX-4-SPONSORSHIP AGREEMENT.txt,Sponsorship Agreement
XinhuaSportsEntertainmentLtd_20070221_F-1_EX-99.4_645553_EX-99.4_Content License Agreement.txt,License Agreement
TEARDROPGOLFCO_10_23_1996-EX-10.12-ENDORSEMENT AGREEMENT.txt,Endorsement Agreement
"VIVINT SOLAR, INC. - NON-COMPETITION AGREEMENT.txt",Other
